Номер	Описание неисправности	SPN	FMI	Blink-Code				OBD2
				код вспышка	код вспышка	код вспышка	диагностический код	
1	Ошибка напряжения в расходомере впускного воздуха	132	11	2	3	4	P0001	P0100
2	Положительный коэффициент расходомера впускного воздуха выше максимального порогового значения	1694	15	2	3	4	P0002	P0101
3	Положительный коэффициент расходомера впускного воздуха выше максимального порогового значения (на холостом ходу) либо ниже минимального порогового значения	1694	17	2	3	4	P0003	P0101
4	Положительный коэффициент расходомера впускного воздуха на холостом ходу выше максимального порогового значения либо ниже минимального порогового значения	1694	16	2	3	4	P0004	P0101
5	Положительный коэффициент расходомера впускного воздуха выше максимального порогового значения, либо ниже минимального порогового значения	1694	18	2	3	4	P0005	P0101
6	Датчик расходомера впускного воздуха перемещен выше максимального порогового значения	1694	0	2	3	4	P0006	P0101
7	Датчик расходомера впускного воздуха перемещен ниже минимального порогового значения	1694	1	2	3	4	P0007	P0101
8	Ошибка сигнала аппаратного оснащения датчика расходомера	132	2	2	3	4	P0008	P0103
9	Исходный сигнал расходомера впускного воздуха превышает максимальное пороговое значение	132	3	2	3	4	P0009	P0103
10	Исходный сигнал расходомера воздуха ниже минимального порогового значения	132	4	2	3	4	P000A	P0102
11	Компрессор кондиционера работает без нагрузки	1351	5	3	1	3	P000B	P0645
12	Перегрев компрессора кондиционера	1351	6	3	1	3	P000C	P0645
13	Незамкнутая цепь при отключении нагрузки компрессора кондиционера	2978	5	3	1	3	P000D	P0645
14	Перегрев кондиционера компрессора при отключении нагрузки	2978	6	3	1	3	P000E	P0645
15	Короткое замыкание источника питания при отключении нагрузки компрессора кондиционера	2978	3	3	1	3	P000F	P0647
16	Короткое замыкание земли компрессора кондиционера при отключении нагрузки	2978	4	3	1	3	P0010	P0646
17	короткое замыкание источника питания при работе компрессора кондиционера	1351	3	3	1	3	P0011	P0647
18	Короткое замыкание земли при работе компрессора кондиционера	1351	4	3	1	3	P0012	P0646
19	Неисправность входного сигнала CAN шины переключателя кондиционера	985	14	3	1	4	P0013	U0424
20	Истечение времени ожидания входного сигнала CAN шины переключателя кондиционера	985	19	3	1	4	P0014	U0466
21	Прямое Отклонение контроллера регенерации воздуха превышает верхнее пороговое значение	1241	15	2	8	1	P0015	P0101
22	Негативное отклонение контроллера регенерации воздуха превышает верхнее порговое значение	1241	17	2	8	1	P0016	P0101
23	Прямое отклонение воздушного контроллера превышает верхнее пороговое значение	1241	0	2	8	1	P0017	P0402
24	Негативное отклонение воздушного контроллера превышает верхнее пороговое значение	1241	1	2	8	1	P0018	P0401
25	Превышение времени режима Rgn в режим Nrm воздушного контроллера	1241	11	2	8	1	P0019	P0100
26	Сигнал высокого напряжения в выключенном состоянии сетки обогрева впускного воздуха	2898	16	3	2	3	P001A	P2609
27	Сигнал низкого напряжения в выключенном состоянии сетки обогрева впускного воздуха	2898	18	3	2	3	P001B	P2609
28	Сигнал высокого напряжения во включенном состоянии сетки обогрева впускного воздуха	2898	15	3	2	3	P001C	P2609
29	Сигнал низкого напряжения во включенном состоянии сетки обогрева впускного воздуха	2898	17	3	2	3	P001D	P2609
30	Постоянно включена сетка обогрева впускного воздуха	2898	7	3	2	2	P001E	P2609
31	Неправильный сигнал холодного пуска при температуре_0	520195	2	4	8	1	P001F	P1000
32	Неправильный сигнал холодного пуска при температуре_1	520254	2	4	8	1	P0020	P1001
33	Неправильный сигнал холодного пуска при температуре_2	520255	2	4	8	1	P0021	P1002
34	Неправильный сигнал холодного пуска при температуре_3	520256	2	4	8	1	P0022	P1003
35	Неправильный сигнал холодного пуска при температуре_4	520257	2	4	8	1	P0023	P1004
36	Неправильный сигнал холодного пуска множественная температура	520258	2	4	8	1	P0024	P1005
37	Актуатор_0 короткое замыкание источника питания	3597	3	1	1	4	P0025	P0659
38	Актуатор_1 короткое замыкание источника питания	3598	3	1	1	5	P0026	P2671
39	Актуатор_2 короткое замыкание источника питания	3599	3	1	1	6	P0027	P2686
40	Актуатор_0 короткое замыкание земли	3597	4	1	1	4	P0028	P0658
41	Актуатор_1 короткое замыкание земли	3598	4	1	1	5	P0029	P2670
42	Актуатор_2 короткое замыкание земли	3599	4	1	1	6	P002A	P2685
43	Слишком высокое напряжение в аккумуляторе	167	3	1	2	4	P002B	P0563
44	Низкое напряжение аккумулятора	167	4	1	2	4	P002C	P0562
45	Сигнал напряжения аккумулятора слишком высокий	168	3	1	2	4	P002D	P0563
46	Сигнал напряжения аккумулятора слишком низкий	168	4	1	2	4	P002E	P0562
47	Сигналы основного и вспомогательного тормоза не совпадают	597	2	2	2	3	P002F	P0504
48	Ошибка сигнала тормоза	597	19	2	2	3	P0030	P0571
49	Ошибка главного провода А CAN шины	522000	14	4	1	1	P0031	U0073
50	Ошибка главного провода В CAN шины	522001	14	4	1	2	P0032	U0073
51	Ошибка главного провода С CAN шины	522002	14	0	0	0	P0033	U0073
52	Ошибка главного провода D CAN шины	522003	14	0	0	0	P0034	U0073
53	Ошибка выключенного главного провода А CAN шины	522000	12	4	1	1	P0035	U0073
54	Ошибка выключенного главного провода В CAN шины	522001	12	4	1	2	P0036	U0073
55	Ошибка выключенного главного провода С CAN шины	522002	12	0	0	0	P0037	U0073
56	Ошибка выключенного главного провода D CAN шины	522003	12	0	0	0	P0038	U0073
57	Неправильный сигнал температуры охлаждающей жидкости двигателя в статическом состоянии	110	17	2	4	2	P0039	P0116
58	Неправильный сигнал температуры охлаждающей жидкости двигателя в динамическом состоянии	110	18	2	4	2	P003A	P0116
59	Ошибка температуры охлаждающей жидкости двигателя, идет от сигнала CAN шины	110	19	2	4	1	P003B	U0116
60	Напряжение исходного сигнала температуры охлаждающей жидкости двигателя превышает верхнее пороговое значение	110	3	2	4	1	P003C	P0118
61	Напряжение исходного сигнала температуры охлаждающей жидкости двигателя нижеминимального порогового значения	110	4	2	4	1	P003D	P0117
62	Неверный сигнал температуры охлаждающей жидкости (Температура и выбранное второе отклонение температуры выше максимального порогового значения).	110	2	2	4	2	P003E	P0116
63	Неверный сигнал сцепления (Передача изменилась, но сигнал сцепления не изменился)	598	2	2	2	2	P003F	P0704
64	Ошибка сигнала сцепления, идет от CAN шины	598	19	2	2	2	P0040	U1400
65	Превышение ограничения крутящего момента защиты турбины	520269	14	5	2	1	P0041	P1038
66	Превышение ограничения крутящего момента защиты двигателя	520270	14	5	2	2	P0042	P1039
67	Превышение ограничения крутящего момента защиты системы впрыска	520271	14	5	2	3	P0043	P1040
68	Превышение объема отчетов о превышении ограничения крутящего момента	520197	11	5	2	4	P0044	P1006
69	Превышение ограничения крутящего момента горным тормозом	520272	14	5	3	4	P0045	P1041
70	Превышение ограничения крутящего момента фильтра твердых частиц	520273	14	5	3	3	P0046	P1042
71	Превышение ограничения крутящего момента ограничителем крутящего момента	520274	14	5	3	2	P0047	P1043
72	Превышение ограничения крутящего момента ограничением уровня дыма	520275	14	5	3	1	P0048	P1044
73	Ошибка времени ожидания отправки информации из CAN шины в АСК	522004	19	0	0	0	P0049	U0100
74	Ошибка времени ожидания отправки информации из CAN шины в Аmbcon	522005	19	4	1	3	P004A	U0100
75	Ошибка длины данных AT1IG1 получаемых CAN	522006	14	4	2	2	P004B	U0113
76	Ошибка времени ожидания получения CAN шиной данных AT1IG	522006	19	4	2	2	P004C	U0113
77	Ошибка времени ожидания получения CAN шиной данных AT1IGC1	522007	19	4	2	2	P004D	U0113
78	Ошибка времени ожидания получения CAN шиной данных AT1IGC2	522008	19	4	2	2	P004E	U0113
79	Ошибка длины данных AT1O1, получаемых CAN	522009	14	4	2	1	P004F	U0113
80	Ошибка времени ожидания получения CAN шиной данных AT1O1	522009	19	4	2	1	P0050	U0113
81	Ошибка времени ожидания СAN информации AT1OGC1 датчика	522010	19	4	2	1	P0051	U0113
82	Ошибка времени ожидания СAN информации AT1OGC2 датчика	522011	19	4	2	1	P0052	U0113
83	Ошибка связи ECU с датчиком	522059	14	0	0	0	P0053	U0113
84	Истечение времени ожидания ВАМ в первое цифровое хранение	0	0	0	0	0	P0054	U0113
85	Истечение времени ожидания в цифровое хранение из цифрового хранения	0	0	0	0	0	P0055	U0113
86	Ошибка связи ECU с датчиком	522060	14	0	0	0	P0056	U0113
87	Истечение времени ожидания ВАМ в первое цифровое хранение	0	0	0	0	0	P0057	U0113
88	Истечение времени ожидания в цифровое хранение из цифрового хранения	0	0	0	0	0	P0058	U0113
89	Истечение времени ожидания ВАМ в первое цифровое хранение	522012	11	0	0	0	P0059	U0113
90	Истечение времени ожидания в цифровое хранение из цифрового хранения	522012	31	0	0	0	P005A	U0113
91	Ошибка SPN1 информации DCU	522012	0	4	2	3	P005B	P1400
92	Ошибка SPN2 информации DCU	522012	1	4	2	3	P005C	P1401
93	Ошибка SPN3 информации DCU	522012	2	4	2	3	P005D	P1402
94	Ошибка SPN4 информации DCU	522012	3	4	2	3	P005E	P1403
95	Ошибка SPN5 информации DCU	522012	4	4	2	3	P005F	P1404
96	Истечение времени ожидания DCU BAM	522012	19	4	2	4	P0060	P1405
97	Ошибка проверки SAE	0	0	0	0	0	P0061	U0113
98	Ошибка времени ожидания получения CAN информации EBC1	522013	19	0	0	0	P0062	U0129
99	Ошибка времени ожидания получения CAN информации EEC1	522014	19	4	1	3	P0063	U0100
100	Ошибка времени ожидания получения CAN информации EEC2	522015	19	0	0	0	P0064	U0100
101	Ошибка времени ожидания получения CAN информации EEC3	522016	19	0	0	0	P0065	U0100
102	Ошибка времени ожиданияEFL_P1, посылаемой CAN	522017	19	0	0	0	P0066	U0100
103	Ошибка запроса на остановку двигателя, посылаемого CAN	522018	19	0	0	0	P0067	U1100
104	Ошибка времени ожидания EngTemp, посылаемой CAN	522020	19	4	1	3	P0068	U0100
105	Ошибка времени ожидания ERC1, посылаемой CAN	522021	19	0	0	0	P0069	U0100
106	Ошибка времени ожидания ETC1, посылаемой CAN	522022	19	4	2	5	P006A	U0103
107	Ошибка времени ожидания ETC2, посылаемой CAN	522023	19	4	2	5	P006B	U0291
108	шибка времени ожидания FlEco, посылаемой CAN	522024	19	0	0	0	P006C	U0100
109	Ошибка времени ожидания INCON, посылаемой CAN	522025	19	4	1	3	P006D	U0100
110	Ошибка информации CAN датчика	522027	19	4	2	1	P006E	U0113
111	Ошибка информации CAN датчика	522028	19	4	2	2	P006F	U0113
112	Ошибка информации CAN датчика	522027	14	4	2	1	P0070	U0113
113	Ошибка информации CAN датчика	522028	14	4	2	2	P0071	U0113
114	Ошибка информации CAN датчика	522027	15	4	2	1	P0072	U0113
115	Ошибка информации CAN датчика	522028	15	4	2	2	P0073	U0113
116	Ошибка информации CAN датчика	522027	16	4	2	1	P0074	U0113
117	Ошибка информации CAN датчика	522028	16	4	2	2	P0075	U0113
118	Ошибка информации CAN датчика	522027	17	4	2	1	P0076	U0113
119	Ошибка информации CAN датчика	522028	17	4	2	2	P0077	U0113
120	Ошибка информации CAN датчика	522027	18	4	2	1	P0078	U0113
121	Ошибка информации CAN датчика	522028	18	4	2	2	P0079	U0113
122	Ошибка информации CAN датчика	522027	0	4	2	1	P007A	U0113
123	Ошибка информации CAN датчика	522028	0	4	2	2	P007B	U0113
124	Ошибка информации CAN датчика	522027	1	4	2	1	P007C	U0113
125	Ошибка информации CAN датчика	522028	1	4	2	2	P007D	U0113
126	Ошибка времени ожидания DM19 нижнего уровня ВАМ	522027	2	4	2	1	P007E	U0113
127	Ошибка времени ожидания DM19 верхнего уровня ВАМ	522028	2	4	2	2	P007F	U0113
128	Ошибка SAE J1939 информации CAN датчика концетрации кислорода	522027	3	4	2	1	P0080	U0113
129	Ошибка SAE J1939 информации CAN датчика концетрации кислорода	522028	3	4	2	2	P0081	U0113
130	Ошибка времени ожидания ETC1, посылаемой CAN	522030	19	0	0	0	P0082	U0104
131	Ошибка DFC SAE J1939	522028	4	4	2	1	P0083	U0113
132	Ошибка информации CAN датчика	522027	4	4	2	2	P0084	U0113
133	Ошибка информации CAN датчика концентрации кислорода	522028	5	4	2	1	P0085	U0113
134	Ошибка информации CAN датчика концентрации кислорода	522027	5	4	2	2	P0086	U0113
135	Ошибка информации CAN подача электроэнергии датчик концентрации кислорода	522028	6	4	2	1	P0087	U0113
136	Ошибка информации CAN подача электроэнергии датчик концентрации кислорода	522027	6	4	2	2	P0088	U0113
137	Ошибка информации CAN температура датчика концентрации кислорода	522027	7	4	2	1	P0089	U0113
138	Ошибка информации CAN температура датчика концентрации кислорода	522028	7	4	2	2	P008A	U0113
139	Ошибка времени ожидания информации о выключении CAN	522031	19	0	0	0	P008B	U0100
140	Ошибка времени ожидания TCO1, получаемой CAN	522032	19	0	0	0	P008C	U0100
141	Ошибка времени ожидания TI1, получаемой CAN	522033	19	0	0	0	P008D	U1103
142	Ошибка времени ожидания TimeDate, получаемой CAN	522034	19	0	0	0	P008E	U1101
143	Истечение времени ожидания активной информации CANTSC1AE	522035	8	4	1	4	P008F	U0121
144	CANTSC1AE Истечение времени ожидания пассивной информации CANTSC1AE	522035	10	4	1	4	P0090	U0121
145	CANTSC1AR Истечение времени ожидания активной информации CANTSC1AR	522036	8	4	1	4	P0091	U0121
146	CANTSC1AR Истечение времени ожидания пассивной информации CANTSC1AR	522036	10	4	1	4	P0092	U0121
147	CANTSC1DE Истечение времени ожидания пассивной информации CANTSC1DE	522037	8	4	1	5	P0093	U0121
148	CANTSC1DE Истечение времени ожидания пассивной информации CANTSC1DE	522037	10	4	1	5	P0094	U0121
149	CANTSC1DR Истечение времени ожидания пассивной информации CANTSC1DR	522038	8	4	1	5	P0095	U0121
150	CANTSC1DR Истечение времени ожидания пассивной информации CANTSC1DR	522038	10	4	1	5	P0096	U0121
151	CANTSC1PE Истечение времени ожидания активной информации CANTSC1PE	522039	8	4	1	6	P0097	U0121
152	CANTSC1PE Истечение времени ожидания пассивной информации CANTSC1PE	522039	10	4	1	6	P0098	U0121
153	CANTSC1VE Истечение времени ожидания активной информации CANTSC1VE	522040	8	4	1	7	P0099	U0121
154	CANTSC1VE Истечение времени ожидания пассивной информации CANTSC1VE	522040	10	4	1	7	P009A	U0121
155	CANTSC1TR Истечение времени ожидания активной информации CANTSC1TR	522041	8	4	1	7	P009B	U0121
156	CANTSC1TR Истечение времени ожидания пассивной информации CANTSC1TR	522041	10	4	1	7	P009C	U0121
157	CANTSC1VE Истечение времени ожидания активной информации CANTSC1VE	522042	8	4	1	8	P009D	U0121
158	CANTSC1VE Истечение времени ожидания пассивной информации CANTSC1VE	522042	10	4	1	8	P009E	U0121
159	CANTSC1VR Истечение ожидания активной информации CANTSC1VR	522043	8	4	1	8	P009F	U0121
160	CANTSC1VR Истечение времени ожидания пассивной информации CANTSC1VR	522043	10	4	1	8	P00A0	U0121
161	TSC1AE Ошибка времени ожидания TSC1AE, получаемой CAN	522035	19	4	1	4	P00A1	U0121
162	TSC1AR Ошибка времени ожидания TSC1AR, получаемой CAN	522036	19	4	1	4	P00A2	U0121
163	TSC1DE Ошибка времени ожидания TSC1DE, получаемой CAN	522037	19	4	1	5	P00A3	U0121
164	TSC1DR Ошибка времени ожидания TSC1DR , получаемой CAN	522038	19	4	1	5	P00A4	U0121
165	TSC1PE Ошибка времени ожидания TSC1PE , получаемой CAN	522039	19	4	1	6	P00A5	U0121
166	TSC1TE Ошибка времени ожидания TSC1TE , получаемой CAN	522040	19	4	1	7	P00A6	U0121
167	TSC1TR Ошибка времени ожидания TSC1TR , получаемой CAN	522041	19	4	1	7	P00A7	U0121
168	TSC1VE Ошибка времени ожидания TSC1TR , получаемой CAN	522042	19	4	1	8	P00A8	U0121
169	TSC1VR Ошибка времени ожидания TSC1VR , получаемой CAN	522043	19	4	1	8	P00A9	U0121
170	Ошибка времени ожидания информации, посылаемой CAN	522044	19	0	0	0	P00AA	U0104
171	Ошибка информации CAN температура датчика концентрации кислорода	522045	19	0	0	0	P00AB	U1105
172	Истечение времени ожидания CAN информации TxPGNRQ	522046	19	0	0	0	P00AC	U0100
173	CANUAA1 Ошибка времени ожидания UAA1, посылаемой CAN	522047	19	0	0	0	P00AD	U0100
174	CANUAA2 Ошибка времени ожидания UAA2, посылаемой CAN	522048	19	0	0	0	P00AE	U0100
175	CANUAA3 Ошибка времени ожидания UAA3, посылаемой CAN	522049	19	0	0	0	P00AF	U0100
176	CANUAA4 Ошибка времени ожидания UAA4, посылаемой CAN	522050	19	0	0	0	P00B0	U0100
177	CANUAA5 Ошибка времени ожидания UAA5, посылаемой CAN	522051	19	0	0	0	P00B1	U0100
178	CANUAA6 Ошибка времени ожидания UAA6, посылаемой CAN	522052	19	0	0	0	P00B2	U0100
179	CANUAA7 Ошибка времени ожидания UAA7, посылаемой CAN	522053	19	0	0	0	P00B3	U0100
180	CANUAA8 Ошибка времени ожидания UAA8, посылаемой CAN	522054	19	0	0	0	P00B4	U0100
181	CANVD Ошибка времени ожидания VD, посылаемой CAN	522055	19	0	0	0	P00B5	U0100
182	CANVEP1 Ошибка времени ожидания VEP1, посылаемой CAN	522056	19	0	0	0	P00B6	U0100
183	CANWFI Ошибка времени ожидания WFI, посылаемой CAN	522057	19	0	0	0	P00B7	U1106
184	Ошибка активации ограничения крутящего момента OBD	520198	11	5	1	1	P00B8	P1007
185	Ошибка переключателя круиз контроля	596	2	3	4	1	P00B9	P0575
186	Ошибка Cy146, связанные с SPI и COM	522058	19	1	1	1	P00BA	P0607
187	Ошибка Cy320, связанные с SPI и COM	520201	19	1	1	1	P00BB	P0607
188	Слишком высокое напряжение в аккумуляторе	444	3	1	2	4	P00BC	P0563
189	Низкое напряжение аккумулятора	444	4	1	2	4	P00BD	P0562
190	Неверный сигнал горного тормоза	571	2	3	4	2	P00BE	P1500
191	Неверный сигнал переключателя остановки машины	520203	2	3	4	3	P00BF	P2536
192	Неверный сигнал переключателя запуска машины	520203	5	3	4	3	P00C0	P2536
193	Горный тормоз в движении без нагрузки	571	5	3	1	5	P00C1	P0475
194	Перегрев горного тормоза в движении	571	6	3	1	5	P00C2	P0475
195	Короткое замыкание источника питания горного тормоза	571	3	3	1	5	P00C3	P0478
196	Короткое замыкание земли горного тормоза	571	4	3	1	5	P00C4	P0477
197	Ошибка стирания EEP	2802	11	1	1	7	P00C5	P062F
198	Ошибка чтения EEP	2802	14	1	1	7	P00C6	P062F
199	Ошибка записи EEP	2802	12	1	1	7	P00C7	P062F
200	Ограничение электротока клапана EGR	27	6	3	5	1	P00C8	P0000
201	Сигнал напряжения клапана EGR в закрытом положении не в рабочих пределах	27	17	3	5	2	P00C9	P0000
202	Сигнал напряжения клапана EGR в открытом положении не в рабочих пределах	27	15	3	5	2	P00CA	P0000
203	EGR Сигнал напряжения клапана EGR в закрытом положении при учебном напряжении не в рабочих пределах	27	2	3	5	2	P00CB	P0000
204	Отклонения контроля клапана EGR во время холодного пуска не в рабочих пределах	27	12	3	5	3	P00CC	P0000
205	Положительное отклонение контроля клапана EGR в момент хлодного запуска не в рабочих пределах	27	18	3	5	3	P00CD	P0000
206	Отрицательное отклонение контроля клапана EGR в момент хлодного запуска не в рабочих пределах	27	16	3	5	3	P00CE	P0000
207	Засор клапана EGR в закрытом положении	27	1	3	5	3	P00CF	P0000
208	Засор клапана EGR в открытом положении	27	0	3	5	3	P00D0	P0000
209	Отклонение длины времени сигналов клапана EGR в закрытом положении при двух учебных напряжениях слишком велико	27	8	3	5	2	P00D1	P0000
210	Отклонение длины времени сигналов клапана EGR в открытом положении при двух учебных напряжениях слишком велико	27	9	3	5	2	P00D2	P0000
211	Клапан EGR без нагрузки	27	5	3	5	4	P00D3	P0000
212	Перегрев клапана EGR	27	24	3	5	4	P00D4	P0000
213	Обратная связь открытия клапана EGR выше порогового значения	27	20	3	5	5	P00D5	P0000
214	Обратная связь открытия клапана EGR ниже порогового значения	27	21	3	5	5	P00D6	P0000
215	Короткое замыкание источника питания клапана EGR	27	3	3	5	4	P00D7	P0000
216	Короткое замыкание земли клапана EGR	27	4	3	5	4	P00D8	P0000
217	Отклонение короткого времени сигналов клапана EGR в закрытом положении при двух учебных напряжениях слишком велико	27	22	3	5	2	P00D9	P0000
218	Отклонение короткого времени сигналов клапана EGR в открытом положении при двух учебных напряжениях слишком велико	27	23	3	5	2	P00DA	P0000
219	Напряжение обратной связи клапана EGR выше порогового значения	27	13	3	5	5	P00DB	P0000
220	Напряжение обратной связи клапана EGR ниже порогового значения	27	14	3	5	5	P00DC	P0000
221	Соединение клапана EGR не надежно	27	11	3	5	4	P00DD	P0000
222	Запрос на отключение двигателя приводит к отключению впрыска топлива	1109	11	5	1	2	P00DE	P1008
223	Превышение скорости двигателя	1769	11	5	1	3	P00DF	P0219
224	Активация защиты двигателя	520205	7	5	1	4	P00E0	P1009
225	Двигатель в движении выдает отсутствие нагрузки	1623	5	3	4	4	P00E1	P100A
226	Превышение температуры двигателя на рабочих оборотах	1623	6	3	4	4	P00E2	P100B
227	Короткое замыкание источника питания двигателя на рабочих оборотах	1623	3	3	4	4	P00E3	P100C
228	Короткое замыкание земли двигателя на рабочих оборотах	1623	4	3	4	4	P00E4	P100D
229	Ошибка информации CAN давления окружающей среды	108	19	2	3	2	P00E5	U1401
230	Напряжение датчика давления окружающей среды выше максимального предела	108	3	2	3	2	P00E6	P2229
231	Напряжение датчика давления окружающей среды ниже минимального предела	108	4	2	3	2	P00E7	P2228
232	Неверный сигнал температуры окружающей среды	171	2	2	3	5	P00E8	P0071
233	Напряжение датчика температуры окружающей среды выше максимального предела	171	3	2	3	5	P00E9	P0073
234	Напряжение датчика температуры окружающей среды ниже минимального предела	171	4	2	3	5	P00EA	P0072
235	Ошибка сигнала распределительного вала	4201	2	1	2	3	P00EB	P0341
236	Отсутствует сигнал распределительного вала	4201	12	1	2	3	P00EC	P0340
237	Ошибка отклонения сигнала распределительного вала	4201	14	1	2	3	P00ED	P0340
238	Ошибка сигнала коленвала	4203	2	1	2	2	P00EE	P0336
239	Отстутствует сигнал коленвала	4203	12	1	2	2	P00EF	P0335
240	Нет нагрузки на реле горного тормоза	520208	5	3	1	1	P00F0	P0475
241	Превышение температуры реле гороного тормоза	520208	6	3	1	1	P00F1	P0475
242	Короткое замыкание источника питания реле горного тормоза	520208	3	3	1	1	P00F2	P0478
243	Короткое замыкание земли реле горного тормоза	520208	4	3	1	1	P00F3	P0477
244	Неверный сигнал положения реле горного тормоза	520208	2	3	1	1	P00F4	P0476
245	Ошибка положения реле горного тормоза	520208	19	3	1	1	P00F5	P0475
246	Слишком большое отклонение аналого-цифровое преобразование	520266	11	1	1	1	P00F6	P060B
247	Электромагнитный клапан вентилятора 1 без нагрузки	4815	5	3	1	2	P00F7	P0480
248	Электромагнитный клапан вентилятора 2 без нагрузки	4815	20	3	1	2	P00F8	P0480
249	Электромагнитный клапан вентилятора 1 превышение температуры	4815	6	3	1	2	P00F9	P0480
250	Электромагнитный клапан вентилятора 2 превышение температуры	4815	12	3	1	2	P00FA	P0480
251	Короткое замыкание источника питания электромагнитного клапана вентилятора 1	4815	3	3	1	2	P00FB	P0692
252	Короткое замыкание источника питания электромагнитного клапана вентилятора 2	4815	21	3	1	2	P00FC	P0692
253	Короткое замыкание земли электромагнитного клапана вентилятора 1	4815	4	3	1	2	P00FD	P0691
254	Короткое замыкание земли электромагнитного клапана вентилятора 2	4815	22	3	1	2	P00FE	P0691
255	Нет нагрузки PWM привода вентилятора	4815	7	3	1	2	P00FF	P0481
256	Перегрев PWM привода вентилятора	4815	8	3	1	2	P0100	P0481
257	Короткое замыкание источника питания привода PWM вентилятора	4815	9	3	1	2	P0101	P0694
258	Короткое замыкание земли привода PWM вентилятора	4815	10	3	1	2	P0102	P0693
259	Слишком большой интервал времени сигнала вентилятора на рабочих оборотах	1639	8	3	1	6	P0103	P0480
260	Обороты вентилятора на рабочих оборотах превышают максимальное значение	1639	3	3	1	6	P0104	P0495
261	Обороты вентилятора на рабочих оборотах ниже минимального значения	1639	4	3	1	6	P0105	P0494
262	Ошибка корекции баланса уровня масла 1	520268	11	4	8	2	P0106	P0611
263	Ошибка корекции баланса уровня масла 2	520268	20	4	8	2	P0107	P0611
264	Ошибка корекции баланса уровня масла 3	520268	21	4	8	2	P0108	P0611
265	Ошибка корекции баланса уровня масла 4	520268	22	4	8	2	P0109	P0611
266	Ошибка корекции баланса уровня масла 5	520268	23	4	8	2	P010A	P0611
267	Ошибка корекции баланса уровня масла 6	520268	24	4	8	2	P010B	P0611
268	Напряжение сигнала перепада давления топлива выше максимального значения	520289	3	2	1	2	P010C	P1046
269	Напряжение сигнала перепада давления топлива выше максимального значения	520289	4	2	1	2	P010D	P1047
270	Засор топливного фильтра	520289	7	2	1	3	P010E	P1048
271	Неверный сигнал засора топливного фильтра	520289	14	2	1	3	P010F	P1049
272	Нет нагрузки на приводе подогрева топлива	520261	5	2	1	6	P0110	P1032
273	Перегрев привода подогрева топлива	520261	6	2	1	6	P0111	P1033
274	Короткое замыкание источника питания привода обогрева топлива	520261	3	2	1	6	P0112	P1034
275	Короткое замыкание земли привода обогрева топлива	520261	4	2	1	6	P0113	P1035
276	Напряжение сигнала датчика воды в топливе выше максимального значения	520264	3	2	1	4	P0114	P2267
277	Напряжение сигнала датчика воды в топливе выше максимального значения	520264	4	2	1	4	P0115	P2266
278	Слишком много воды в топливе	520264	11	2	1	1	P0116	P2269
279	Уровень топлива в топливном баке ниже минимального значения, либо воздух в гидравлической системе	96	1	2	1	7	P0117	P0460
280	Напряжение сигнала датчика температуры топлива выше максимального значения	174	3	2	1	5	P0118	P0183
281	Напряжение сигнала датчика температуры топлива ниже минимального значения	174	4	2	1	5	P0119	P0182
282	Неверный сигнал температуры топлива	174	2	2	1	5	P011A	P0181
283	CAN Ошибка сигнала CAN нейтральной передачи	59	19	2	2	7	P011B	U1402
284	Нет нагрузки лампы подогрева впускного воздуха	626	5	3	3	2	P011C	P0381
285	Перегрев лампы одогрева впускного воздуха	626	6	3	3	2	P011D	P0381
286	Короткое замыкание источника питания лампы подогрева впускного воздуха	626	3	3	3	2	P011E	P0381
287	Короткое замыкание земли лампы подогрева впускного воздуха	626	4	3	3	2	P011F	P0381
288	Нет нагрузки подогрева впускного воздуха	2898	5	3	2	1	P0120	P0110
289	Перегрев подогрева впускного воздуха	2898	6	3	2	1	P0121	P0110
290	Короткое замыкание источника питания подогрева впускного воздуха	2898	3	3	2	1	P0122	P0113
291	Короткое замыкание земли подогрева впускного воздуха	2898	4	3	2	1	P0123	P0112
292	Частота впрыска превышает ограничение цепи	520210	11	0	0	0	P0124	P100E
293	Частота впрыска превышает ограничение максимального давление топливного насоса	520210	20	0	0	0	P0125	P100F
294	Частота впрыска превышает ограничение системы	520210	21	0	0	0	P0126	P1010
295	Частота впрыска превышает ограничение системы	520210	22	0	0	0	P0127	P1011
296	Неудачный запуск двигателя	520211	11	0	0	0	P0128	P0A0F
297	Давление в топливной рампе ниже минимального значения	520212	1	2	7	6	P0129	P0087
298	Ошибка параметра коррекции форсунки 1	1413	14	4	8	3	P012A	P062B
299	Ошибка параметра коррекции форсунки 2	1414	14	4	8	3	P012B	P062B
300	Ошибка параметра коррекции форсунки 3	1415	14	4	8	3	P012C	P062B
301	Ошибка параметра коррекции форсунки 4	1416	14	4	8	3	P012D	P062B
302	Ошибка параметра коррекции форсунки 5	1417	14	4	8	3	P012E	P062B
303	Ошибка параметра коррекции форсунки 6	1418	14	4	8	3	P012F	P062B
304	Замыкание конденсатора впрыска 1	520214	3	1	5	1	P0130	P062D
305	Замыкание конденсатора впрыска 2	520287	3	1	5	1	P0131	P062E
306	Ошибка выделенного чипа впрыска	520215	11	1	5	3	P0132	P062B
307	Незамкнутая цепь форсунки 1	1413	5	1	4	1	P0133	P0201
308	Незамкнутая цепь форсунки 2	1414	5	1	4	2	P0134	P0202
309	Незамкнутая цепь форсунки 3	1415	5	1	4	3	P0135	P0203
310	Незамкнутая цепь форсунки 4	1416	5	1	4	4	P0136	P0204
311	Незамкнутая цепь форсунки 5	1417	5	1	4	5	P0137	P0205
312	Незамкнутая цепь форсунки 6	1418	5	1	4	6	P0138	P0206
313	Ошибка форсунки 1 (Без определения, просто сохраняется)	1413	11	1	4	1	P0139	P0263
314	Ошибка форсунки 2 (Без определения, просто сохраняется)	1414	11	1	4	2	P013A	P0266
315	Ошибка форсунки 3 (Без определения, просто сохраняется)	1415	11	1	4	3	P013B	P0269
316	Ошибка форсунки 4 (Без определения, просто сохраняется)	1416	11	1	4	4	P013C	P0272
317	Ошибка форсунки 5 (Без определения, просто сохраняется)	1417	11	1	4	5	P013D	P0275
318	Ошибка форсунки 6 (Без определения, просто сохраняется)	1418	11	1	4	6	P013E	P0278
319	Короткое замыкание форсунки 1	1413	3	1	4	1	P013F	P0262
320	Короткое замыкание форсунки 2	1414	3	1	4	2	P0140	P0265
321	Короткое замыкание форсунки 3	1415	3	1	4	3	P0141	P0268
322	Короткое замыкание форсунки 4	1416	3	1	4	4	P0142	P0271
323	Короткое замыкание форсунки 5	1417	3	1	4	5	P0143	P0274
324	Короткое замыкание форсунки 6	1418	3	1	4	6	P0144	P0277
325	1Короткое замыкание нижнего либо верхнего конца форсунки 1	1413	4	1	4	1	P0145	P0261
326	2Короткое замыкание нижнего либо верхнего конца форсунки 2	1414	4	1	4	2	P0146	P0264
327	3Короткое замыкание нижнего либо верхнего конца форсунки 3	1415	4	1	4	3	P0147	P0267
328	4Короткое замыкание нижнего либо верхнего конца форсунки 4	1416	4	1	4	4	P0148	P0270
329	5Короткое замыкание нижнего либо верхнего конца форсунки 5	1417	4	1	4	5	P0149	P0273
330	6Короткое замыкание нижнего либо верхнего конца форсунки 6	1418	4	1	4	6	P014A	P0276
331	PTO Напряжение на переключателе PTO выше максимального предела	976	3	3	4	5	P014B	P251C
332	Плохое соединение модуля измерения уровня топлива с ECU	1442	2	1	3	3	P014C	P0251
333	Незамкнутая цепь модуля измерения уровня топлива	1442	5	1	3	3	P014D	P0251
334	Перегрев модуля измерения уровня топлива	1442	6	1	3	3	P014E	P0252
335	Короткое замыкание источника питания верхнего конца модуля измерения уровня топлива	1442	15	1	3	3	P014F	P0254
336	Короткое замыкание земли верхнего конца модуля измерения уровня топлива	1442	17	1	3	3	P0150	P0253
337	Короткое замыкание источника питания драйвера нижнего конца модуля измерения уровня топлива	1442	16	1	3	3	P0151	P0254
338	Короткое замыкание земли драйвера нижнего конца модуля измерения уровня топлива	1442	18	1	3	3	P0152	P0253
339	Напряжение сигнала обратной связи модуля измерения уровня топлива выше максимального предела	1442	3	1	3	3	P0153	P0254
340	Напряжение сигнала обратной связи модуля измерения уровня топлива ниже минимального предела	1442	4	1	3	3	P0154	P0253
341	MIL Лампа MIL без нагрузки	520219	5	3	3	1	P0155	P0650
342	MIL Лампа MIL без нагрузки	520219	6	3	3	1	P0156	P0650
343	MIL Лампа MIL без нагрузки	520219	3	3	3	1	P0157	P0650
344	MIL Лампа MIL без нагрузки	520219	4	3	3	1	P0158	P0650
345	Напряжение на Переключателе PTO ниже минимального предела	976	4	3	4	5	P0159	P251B
346	Ошибка преобразования цифро-аналоговой информации	520220	2	2	6	2	P015A	P060B
347	Ошибка преобразования цифро-аналоговой информации	520220	11	2	6	2	P015B	P060B
348	Ошибка коэффициента преобразования цифро-аналоговой информации	520220	14	2	6	2	P015C	P060B
349	Ошибка связи модуля контроля и CPU	520221	11	2	6	2	P015D	P060C
350	Ошибка связи модуля контроля и CPU	520222	11	2	6	2	P015E	P060C
351	Ошибка оперативной памяти ECU	520223	11	2	6	2	P015F	P060C
352	Ошибка связи модуля контроля и CPU	520290	11	2	6	3	P0160	P060C
353	Ошибка связи модуля контроля и CPU	520290	20	2	6	3	P0161	P060C
354	Ошибка связи модуля контроля и CPU	520290	21	2	6	3	P0162	P060C
355	Ошибка связи модуля контроля и CPU	520290	22	2	6	3	P0163	P060C
356	Ошибка связи модуля контроля и CPU	520290	23	2	6	3	P0164	P060C
357	Ошибка связи модуля контроля и CPU	520290	24	2	6	3	P0165	P060C
358	Ошибка связи модуля контроля и CPU	520290	25	2	6	3	P0166	P060C
359	Ошибка связи модуля контроля и CPU	520290	26	2	6	3	P0167	P060C
360	Ошибка связи модуля контроля и CPU	520290	27	2	6	3	P0168	P060C
361	Ошибка связи модуля контроля и CPU	520290	3	2	6	3	P0169	P060C
362	Несовместимые 2 напряжения педали акселератора	520224	11	2	6	4	P016A	P1012
363	Неверный сигнал рабочих оборотов двигателя	520225	11	2	6	4	P016B	P1013
364	Неверный сигнал форсунки в момент включения питания	520226	11	2	6	4	P016C	P1014
365	Неверный сигнал опережения впрыска	520227	11	2	6	4	P016D	P1015
366	Неверный сигнал нулевого уровня топлива в момент включения питания	520228	11	2	6	4	P016E	P1016
367	Неверный сигнал эффективности после впрыска 2	520229	11	2	6	4	P016F	P1017
368	Ошибка закрытия 2 после впрыска	520229	14	2	6	4	P0170	P1018
369	Неверный сигнал эффективности после впрыска 3	520230	11	2	6	4	P0171	P1019
370	При Overrun время включения питания превышает максисмальное значение	1108	16	2	6	1	P0172	P101A
371	Неверный сигнал коррекции объема впрыска	520231	11	2	6	4	P0173	P101B
372	Ошибка давления в рампе	520232	11	2	6	4	P0174	P101C
373	Несовместимые 2 напряжения дальнего хода педали акселератора	520276	11	2	6	4	P0175	P1045
374	Несовместимый реальный крутящий момент двигателя с разрешенным	520233	11	2	6	4	P0176	P101D
375	Давление в топливной рампе ограничено функцией блока контроля крутящего момента	520234	11	2	6	4	P0177	P101E
376	Система воздухоподачи ограничена функцией блока контроля крутящего момента	520234	20	2	6	4	P0178	P101F
377	Уровень впрыскиваемого топлива ограничен функцией блока контроля крутящего момента	520234	21	2	6	4	P0179	P1020
378	Напряжение блока электроснабжения 1 превышает максимальное значение	520235	11	2	6	5	P017A	P1600
379	Напряжение блока электроснабжения 1 ниже минимального значения	520235	20	2	6	5	P017B	P1601
380	Раннее включение главного реле после включения ECU	3508	7	1	2	5	P017C	P068A
381	Позднее включение главного реле	3508	12	1	2	5	P017D	P068B
382	Ошибка подачи электроэнергии датчика нижнее положение	3220	5	4	2	1	P017E	P2200
383	Неверная компенсация сигнала датчика нижнее положение нижнее положение	3217	2	4	2	1	P017F	P2201
384	Неверный сигнал датчика нижнее положение	3216	11	4	2	1	P0180	P2204
385	Напряжение lambda датчика выше максимального значения (нижнее положение)	3217	15	4	2	1	P0181	P2200
386	lambda Напряжение lambda датчика ниже минимального значения (нижнее положение)	3217	17	4	2	1	P0182	P2200
387	Напряжение lambda датчика выше максимального значения (нижнее положение)	3217	16	4	2	1	P0183	P2200
388	lambda Напряжение lambda датчика ниже минимального значения (нижнее положение)	3217	18	4	2	1	P0184	P2200
389	lambda Сигнал lambda датчика выше максимального значения (нижнее положение)	3217	0	4	2	1	P0185	P2200
390	lambda Напряжение сигнала lambda датчика ниже минимального предела (нижнее положение)	3217	1	4	2	1	P0186	P2200
391	Максимальное отклонение сигнала lambda датчика выше максимального предела	3220	0	4	2	1	P0187	P2201
392	Минимальное отклонение сигнала lambda датчика ниже минимального предела (нижнее положение)	3220	1	4	2	1	P0188	P2201
393	Среднее отклонение сигнала lambda датчика выше максимального предела (нижнее положение)	3220	15	4	2	1	P0189	P2201
394	Среднее отклонение сигнала lambda датчика ниже минимального предела (нижнее положение)	3220	17	4	2	1	P018A	P2201
395	Неверный сигнал датчика (нижнее положение)	3216	18	4	2	1	P018B	P2201
396	Неверное состояние сигнала датчика (нижнее положение)	3216	19	4	2	1	P018C	P2200
397	Сигнал датчика выше максимального предела (нижнее положение)	3216	0	4	2	1	P018D	P2201
398	Сигнал датчика ниже минимального предела (нижнее положение)	3216	1	4	2	1	P018E	P2201
399	Открытая цепь сигнала датчика (нижнее положение)	3216	5	4	2	1	P018F	P2200
400	Короткое замыкание сигнала датчика (нижнее положение)	3216	3	4	2	1	P0190	P2200
401	PTO Неверное напряжение переключателя PTO	976	19	3	4	5	P0191	P253E
402	Ошибка электроснабжения датчика	523101	27	4	8	4	P0192	P0000
403	Неправильная компенсация сигнала датчика	523101	20	4	8	4	P0193	P0000
404	Ошибка проверки состояния сигнала датчика	523101	29	4	8	4	P0194	P0000
405	Ошибка проверки состояния сигнала датчика	523101	28	4	8	4	P0195	P0000
406	Неверный сигнал датчика верхнего уровня	523101	12	4	8	4	P0196	P0000
407	lambda Напряжение сигнала lambda датчика верхнего уровня выше максимального предела	523101	15	4	8	4	P0197	P0000
408	lambda Напряжение сигнала lambda датчика верхнего уровня ниже минимального предела	523101	17	4	8	4	P0198	P0000
409	lambda Напряжение сигнала lambda датчика верхнего уровня выше максимального предела	523101	16	4	8	4	P0199	P0000
410	lambda Напряжение сигнала lambda датчика верхнего уровня ниже минимального предела	523101	18	4	8	4	P019A	P0000
411	lambda Сигнал lambda датчика верхнего уровня выше максимального предела	523101	21	4	8	4	P019B	P0000
412	lambda Сигнал lambda датчика верхнего уровня ниже минимального предела	523101	22	4	8	4	P019C	P0000
413	Максимальное отклонение сигнала датчика верхнего уровня выше максимального предела	523101	23	4	8	4	P019D	P0000
414	Минимальное отклонение сигнала датчика верхнего уровня ниже минимального предела	523101	24	4	8	4	P019E	P0000
415	Среднее отклонение сигнала датчика верхнего уровня выше максимального предела	523101	25	4	8	4	P019F	P0000
416	Среднее отклонение сигнала датчика верхнего уровня ниже минимального предела	523101	26	4	8	4	P01A0	P0000
417	Неверный сигнал датчика верхнего уровня	523101	2	4	8	4	P01A1	P0000
418	Неверный сигнал положения датчика верхнего уровня	523101	12	4	8	4	P01A2	P0000
419	Сигнал датчика верхнего положения выше максимального предела	523101	0	4	8	4	P01A3	P0000
420	Сигнал датчика верхнего положения ниже минимального предела	523101	1	4	8	4	P01A4	P0000
421	Открытая цепь сигнала датчика верхнего положения	523101	5	4	8	4	P01A5	P0000
422	Короткое замыкание сигнала датчика верхнего положения	523101	3	4	8	4	P01A6	P0000
423	Ошибка удаления кода из хранилища	520237	11	4	8	5	P01A7	P1021
424	Ошибка удаления кода из хранилища	520237	28	4	8	5	P01A8	P1022
425	Ошибка удаления кода из хранилища	520237	29	4	8	5	P01A9	P1023
426	Ошибка удаления кода из хранилища	520237	12	4	8	5	P01AA	P1024
427	Ошибка удаления кода из хранилища	520237	13	4	8	5	P01AB	P1025
428	Ошибка удаления кода из хранилища	520237	14	4	8	5	P01AC	P1026
429	Ошибка удаления кода из хранилища	520237	15	4	8	5	P01AD	P1027
430	Ошибка удаления кода из хранилища	520237	16	4	8	5	P01AE	P1028
431	Ошибка удаления кода из хранилища	520237	20	4	8	5	P01AF	P1029
432	Ошибка удаления кода из хранилища	520237	21	4	8	5	P01B0	P102A
433	Ошибка удаления кода из хранилища	520237	22	4	8	5	P01B1	P102B
434	Ошибка удаления кода из хранилища	520237	23	4	8	5	P01B2	P102C
435	Ошибка удаления кода из хранилища	520237	24	4	8	5	P01B3	P102D
436	Ошибка удаления кода из хранилища	520237	25	4	8	5	P01B4	P102E
437	Ошибка удаления кода из хранилища	520237	26	4	8	5	P01B5	P102F
438	Ошибка удаления кода из хранилища	520237	27	4	8	5	P01B6	P1030
439	Ошибка активации WDA	520238	11	1	1	1	P01B7	P060C
440	Ошибка низкое напряжение WDA/ABE	520238	4	1	1	1	P01B8	P060C
441	Проверка напряжения WDA/ABE	520238	3	1	1	1	P01B9	P060C
442	Неизвестная ошибка WDA/ABE	520238	14	1	1	1	P01BA	P060C
443	Напряжение сигнала уровня масла выше максимального предела	98	3	2	4	6	P01BB	P250D
444	Напряжение сигнала уровня масла ниже минимального предела	98	4	2	4	6	P01BC	P250C
445	Неверный сигнал напряжения уровня масла в двигателе	98	2	2	4	6	P01BD	P250B
446	Сигнал уровня масла выше максимального значения	98	0	2	4	6	P01BE	P252F
447	Сигнал уровня масла ниже минимального значения	98	1	2	4	6	P01BF	P250F
448	Открытая цепь индикатора давления масла в двигателе	100	5	3	3	4	P01C0	P160B
449	Температура индикатора давления масла в двигателе выше нормы	100	6	3	3	4	P01C1	P160C
450	Короткое замыкание источника питания индикатора давления масла в двигателе	100	3	3	3	4	P01C2	P160D
451	Короткое замыкание земли индикатора давления масла в двигателе	100	4	3	3	4	P01C3	P160E
452	Ошибка сигнала давления масла в двигателе	100	1	2	4	3	P01C4	P0524
453	Неверный сигнал давления масла в двигателе	100	2	2	4	3	P01C5	P0521
454	Давление масла в двигателе выше максимального предела	100	15	2	4	3	P01C6	P0523
455	Давление масла в двигателе ниже минимального предела	100	17	2	4	3	P01C7	P0524
456	CAN Ошибка сигнала CAN давления масла в двигателе	100	19	2	4	3	P01C8	P0520
457	Напряжение сигнала давления масла выше максимального предела	100	16	2	4	3	P01C9	P0523
458	Напряжение сигнала давления масла ниже минимального предела	100	18	2	4	3	P01CA	P0522
459	Сигнал температуры масла выше максимального предела	175	15	2	4	4	P01CB	P0196
460	CAN Ошибка сигнала CAN температуры масла в двигателе	175	19	2	4	4	P01CC	U1403
461	Напряжение сигнала температуры масла выше максимального предела	175	3	2	4	4	P01CD	P0198
462	Напряжение сигнала температуры масла ниже минимального предела	175	4	2	4	4	P01CE	P0197
463	Неверный сигнал температуры масла	175	2	2	4	4	P01CF	P0196
464	Положительное отклонение давления турбины выше максимального предела	1127	0	2	8	2	P01D0	P2263
465	Отрицательное отклонение давления турбины выше максимального предела	1127	1	2	8	2	P01D1	P2263
466	Неоднородное изменение крутящего момента уровня масла	520240	13	0	0	0	P01D2	P1031
467	Сигнал давления впускаемого воздуха верхнего предела выше максимального значения	102	0	2	3	1	P01D3	P006D
468	Сигнал давления впускаемого воздуха верхнего предела ниже минимального значения	102	1	2	3	1	P01D4	P006D
469	Сигнал напряжения давления впускаемого воздуха выше максимального предела	102	3	2	3	1	P01D5	P0238
470	Сигнал напряжения давления впускаемого воздуха ниже минимального предела	102	4	2	3	1	P01D6	P0237
471	Засор фильтра твердых частиц POC	81	0	4	7	1	P01D7	P0000
472	Удаление фильтра твердых частиц POC	81	1	4	7	2	P01D8	P0000
473	Сигнал перепада давления фильтра твердых частиц POC выше максимального предела	81	15	4	7	3	P01D9	P0000
474	Сигнал перепада давления фильтра твердых частиц POC ниже минимального предела	81	17	4	7	3	P01DA	P0000
475	AfterRun Сигнал перепада давления напряжения фильтра твердых частиц при AfterRun выше максимального предела	81	2	4	7	3	P01DB	P0000
476	CAN Ошибка сигнала фильтра твердых частиц POCCAN	81	19	4	7	3	P01DC	P0000
477	Сигнал напряжения перепада давления фильтра твердых частиц POC выше максимального предела	81	3	4	7	3	P01DD	P0000
478	Сигнал напряжения перепада давления фильтра твердых частиц POC ниже минимального предела	81	4	4	7	3	P01DE	P0000
479	Частота открывания предохранительного клапана достигла либо превысила максимальное значение	520241	11	1	3	4	P01DF	P0089
480	Давление в топливной рампе привело к открытию предохранительного клапана	520241	20	0	0	0	P01E0	P0089
481	Вибрация в топливной рампе привела к открытию предохранительного клапана	520241	21	0	0	0	P01E1	P0089
482	Открытие предохранительного клапана	520241	14	1	3	5	P01E2	P0089
483	Ошибка баланса уровня топлива в момент открытия предохранительного клапана	520241	22	1	3	6	P01E3	P1036
484	Среднее давление в рампе превосходит допустимые пределы	520241	2	1	3	6	P01E4	P1037
485	Время открытия предохранительного крана превзошло предел	520241	0	1	3	6	P01E5	P0089
486	Ошибка блока контроля электроснабжения внутренней части ECU	520242	11	1	1	1	P01E6	P060C
487	Прямое отклонение блока контроля топливной рампы выше максимального значения	520243	0	2	5	1	P01E7	P0251
488	Уровень топлива в ТНВД выше максимального предела, есть течь топлива	520243	7	2	5	2	P01E8	P0251
489	Отрицательное отклонение блока контроля малого насоса в топливной рампе выше первого ограничения	520243	1	2	5	5	P01E9	P0251
490	Отрицательное отклонение блока контроля малого насоса в топливной рампе выше первого ограничения	520243	2	2	5	3	P01EA	P0251
491	Давление в топливной рампе ниже минимального значения	520243	20	2	5	6	P01EB	P0087
492	Давление в топливной рампе выше первого ограничения	520243	21	2	7	1	P01EC	P0088
493	Давление в топливной рампе выше второго ограничения	520243	22	2	7	2	P01ED	P0088
494	В режиме OverRun уровень топлива в ТНВД выше максимального предела	520243	23	2	7	3	P01EE	P1050
495	При низких холостых оборотах установленный уровень топлива в ТНВД выше минимальной отметки	520243	24	2	7	4	P01EF	P0251
496	Изменение давления в топливной рампе превосходит максимальный предел допустимой частоты	520243	25	2	7	5	P01F0	P0194
497	Прямое отклонение давления в топливной рампе выше максимального значения	157	15	1	3	2	P01F1	P0191
498	Прямое отклонение давления в топливной рампе ниже минимального значения	157	17	1	3	2	P01F2	P0191
499	Давление в топливной рампе превосходит масимально допустимые пределы	520265	0	1	3	6	P01F3	P0088
500	Напряжение сигнала датчика давления в топливной рампе превышает максимальный предел	157	3	1	3	1	P01F4	P0193
501	Напряжение сигнала датчикадавления в топливной рампе ниже минимального значения	157	4	1	3	1	P01F5	P0192
502	Ошибка регулировки уровня мочевины в впрыскиваемом объеме топлива	3516	2	4	3	4	P01F6	P203B
503	Период самоадаптации SCR превосходит предел	523026	0	4	3	5	P01F7	P3051
504	Период самоадаптации SCR ниже установленного предела	523026	1	4	3	5	P01F8	P3052
505	Низкая средняя эффективность фактического преобразования SCR	523004	0	0	0	0	P01F9	P0420
506	Средняя эффективность фактического преобразования SCR ниже уровня 1, выхлоп превосходит 5	523004	15	4	3	1	P01FA	P0420
507	Средняя эффективность фактического преобразования SCR ниже уровня 2, выхлоп превосходит 7	523004	16	4	3	2	P01FB	P0420
508	Неверный сигнал проверки пика сигнала датчика нижнего уровня SCR	3216	2	4	2	1	P01FC	P2214
509	Разница сигналов датчиков верхнего и нижнего уровней датчика SCR выше максимального уровня	3216	15	4	2	1	P01FD	P2214
510	Разница сигналов датчиков верхнего и нижнего уровней датчика SCR ниже минимального уровня	3216	17	4	2	1	P01FE	P2214
511	Неверный сигнал проверки отклонения сигнала датчика нижнего уровня SCR	3216	12	4	2	1	P01FF	P2214
512	Разница сигналов датчиков верхнего и нижнего уровней датчика SCR выше максимального уровня	3226	15	4	2	2	P0200	P2201
513	Разница сигналов датчиков верхнего и нижнего уровней датчика SCR ниже минимального уровня	3226	17	4	2	2	P0201	P2201
514	Мочевина не поступает в впрыскиваемое топливо	523006	11	4	3	6	P0202	P3042
515	Остатка уровня мочевины недостаточно	1761	11	4	3	8	P0203	P3062
516	Остаточный уровень мочевины ниже уровня предостережения 1	1761	20	4	3	8	P0204	P3063
517	Остаточный уровень мочевины ниже уровня предостережения 2	1761	21	4	3	8	P0205	P3064
518	Ошибка контроля хранения аммиака SCR	532104	2	4	3	7	P0206	P3065
519	Ошибка обратного трубопровода мочевины SCR	523007	2	4	4	1	P0207	P3050
520	Ошибка падения давления впрыска мочевины SCR	523007	20	4	4	1	P0208	P3053
521	SCRОшибка давления впрыска мочевины SCR	523007	21	4	4	1	P0209	P3054
522	Температура внутри ECU выше максимального предела	523011	0	1	1	9	P020A	P0669
523	Отсутсвие опорожнения системы SCR в конце ездового цикла	523009	0	4	4	7	P020B	P3015
524	Превышение давления впрыска мочевины в блоке управления уровня мочевины SCR	523010	0	4	4	2	P020C	P3039
525	Низкое давление впрыска мочевины в блоке управления уровня мочевины SCR	523010	1	4	4	3	P020D	P3056
526	Превышение давления впрыска мочевины после охлаждения насоса мочевины SCR	1387	0	4	4	2	P020E	P3039
527	Ошибка давления мочевины SCR	1387	2	4	4	1	P020F	P3040
528	Ошибка понижения давления SCR	523025	2	4	4	1	P0210	P3049
529	SCRПосле понижения давления, давление мочевины в системе SCR ниже минмального предела	1387	0	4	4	1	P0211	P3041
530	Перегрев бака мочевины	3031	14	4	4	6	P0212	P2043
531	Неверная температура внутреннего блока ECU	523011	2	1	1	9	P0213	P0667
532	SCR Неверный сигнал превышения масимального предела температуры датчика SCR верхнего уровня	4360	0	4	4	4	P0214	P0426
533	SCR Неверный сигнал превышения минимального предела температуры датчика SCR верхнего уровня	4360	1	4	4	4	P0215	P0426
534	SCR Неверный сигнал температуры температурного датчика SCR верхнего уровня	4360	2	4	4	4	P0216	P0426
535	Засор распылителя форсунки мочевины SCR	3361	2	4	5	3	P0217	P2047
536	Засор обратного клапана насоса мочевины SCR	523014	2	4	5	3	P0218	P3014
537	Слишком большой расход мочевины	1761	0	4	4	5	P0219	P3066
538	Слишком малый раход мочевины	1761	1	4	4	5	P021A	P3067
539	Ошибка функции PUQP системы SCR	523015	2	4	4	1	P021B	P3000
540	SCR Неверный обогрев насоса мочевины SCR	4355	20	4	5	5	P021C	P3057
541	SCR Неверное положение датчика температуры обогрева насоса мочевины SCR	4355	21	4	5	5	P021D	P3058
542	SCR неверный сигнал датчика температуры обогрева насоса мочевины во время холодного пуска	4355	22	4	5	5	P021E	P3059
543	SCR Неверное состояние датчика температуры мочевины SCR	523017	2	4	5	6	P021F	P3060
544	SCR Неверный сигнал датчика температуры мочевины SCR во время холодного пуска	523017	20	4	5	6	P0220	P3061
545	Ошибка повышения температуры бака мочевины SCR	3031	2	4	4	6	P0221	P203B
546	Количество повторных запусков SCR превышает допустимый предел	532103	11	4	3	8	P0222	P2068
547	Ошибка сообщения CAN переключателя PTO	976	20	3	4	5	P0223	U1404
548	Продолжительность включения обогревателя насоса мочевины SCR в диапазоне ошибок	4355	9	4	5	5	P0224	P3029
549	Продолжительность включения обогревателя насоса мочевины SCR в недопустимом диапазоне	4355	8	4	5	5	P0225	P3029
550	Отказ модуля измерения температуры мочевины насоса SCR	523017	11	4	5	4	P0226	P3038
551	PWM Принимаемый SCR насос мочевины PWM цикл находится в недопустимом диапазоне	523017	21	4	5	4	P0227	P2062
552	SCRPWM Ошиька синала PWM насоса мочевины	523017	8	4	5	4	P0228	P2062
553	Продолжительность включения температуры насоса мочевины SCR в ошибочных пределах	523017	9	4	5	6	P0229	P3029
554	Продолжительность включения температуры насоса мочевины SCR в недопустимом диапазоне	523017	10	4	5	6	P022A	P3029
555	1 Напряжение педали 1 выше максимального предела	91	3	2	2	1	P022B	P0123
556	2 Напряжение педали 2 выше максимального предела	29	3	2	2	1	P022C	P0223
557	1 Напряжение длинного хода педали 1 выше максимального предела	520277	3	2	2	9	P022D	P1501
558	2 Напряжение длинного хода педали 2 выше максимального предела	520278	3	2	2	9	P022E	P1502
559	1 Напряжение педали 1 ниже минимального предела	91	4	2	2	1	P022F	P0122
560	2 Напряжение педали 2 ниже минимального предела	29	4	2	2	1	P0230	P0222
561	1 Напряжение длинного хода педали 1 ниже минимального предела	520277	4	2	2	9	P0231	P1503
562	2 Напряжение длинного хода педали 2 ниже минимального предела	520278	4	2	2	9	P0232	P1504
563	Напряжение датчика уровня мочевины выше максимального значения	1761	3	4	4	5	P0233	P203D
564	Напряжение датчика уровня мочевины ниже минимального значения	1761	4	4	4	5	P0234	P203C
565	1 Ошибка энергоснабжения датчика 1	3509	2	1	1	2	P0235	P0643
566	2 Ошибка энергоснабжения датчика 2	3510	2	1	1	2	P0236	P0653
567	3 Ошибка энергоснабжения датчика 3	3511	2	1	1	2	P0237	P0699
568	Слишком высокая энергоподача датчика 12V	3512	3	1	1	3	P0238	P1602
569	Слишком низкая энергоподача датчика 12V	3512	4	1	1	3	P0239	P1603
570	Слишком высокая энергоподача внутренней части датчика 12 V	3513	3	1	1	3	P023A	P1602
571	Слишком низкая энергоподача внутренней части датчика 12 V	3513	4	1	1	3	P023B	P1603
572	Ошибка точности таймера рассчета парковки	520248	11	1	1	1	P023C	P060C
573	Нет нагрузки индикатора остановки машины	520279	5	3	3	5	P023D	P160F
574	Превышение температуры индикатора остановки машины	520279	6	3	3	5	P023E	P1610
575	Короткое замыкание источника питания индикатора остановки машины	520279	3	3	3	5	P023F	P1611
576	Короткое замыкание земли индикатора остановки машины	520279	4	3	3	5	P0240	P1612
577	Нет нагрузки стартера	1675	5	1	2	1	P0241	P0615
578	Превышение пусковой температуры стартера	1675	6	1	2	1	P0242	P0615
579	Короткое замыкание источника питания реле стартера	1675	3	1	2	1	P0243	P0617
580	Короткое замыкание земли реле стартера	1675	4	1	2	1	P0244	P0616
581	Нет нагрузки при запуске диагностических индикаторов	520250	5	3	3	3	P0245	P1604
582	Превышение температуры пуска диагностических индикаторов	520250	6	3	3	3	P0246	P1605
583	Короткое замыкание источника питания диагностического индикатора	520250	3	3	3	3	P0247	P1606
584	Короткое замыкание земли диагностического индикатора	520250	4	3	3	3	P0248	P1607
585	Сброс 0 программы диагностики неисправностей	520251	11	1	1	8	P0249	P1608
586	Сброс 1программы диагностики неисправностей	520251	20	1	1	8	P024A	P1609
587	Сброс 2 программы диагностики неисправностей	520251	21	1	1	8	P024B	P160A
588	Слишком большая разница между сигналами напряжения педали 1 и педали 2	520252	2	2	2	1	P024C	P2135
589	Неверный сигнал напряжения между педалью1, педалью 2 и переключателем холостого хода	558	2	2	2	1	P024D	P2135
590	Слишком большая разница между сигналами напряжения педали длинного хода 1 и педали длинного хода 2	520280	2	2	2	9	P024E	P1505
591	T50 Ошибка переключателя Т50	520253	11	3	4	5	P024F	P2530
592	Частота сигнала датчика температуры воздуха выше максимального предела	172	0	2	3	4	P0250	P0113
593	Частота сигнала датчика температуры воздуха ниже минимального предела	172	1	2	3	4	P0251	P0112
594	Сигнал времени датчика температуры воздуха выше максимального значения	172	15	2	3	4	P0252	P0113
595	Сигнал времени датчика температуры воздуха ниже минимального значения	172	17	2	3	4	P0253	P0112
596	Ошибка связи CAN сигнала температуры впускного воздуха после охлаждения	105	19	2	3	3	P0254	P0099
597	Сигнал напряжения датчика температуры впускного воздуха после охлаждения выше максимального предела	105	3	2	3	3	P0255	P0098
598	Сигнал напряжения датчика температуры впускного воздуха после охлаждения ниже минимального предела	105	4	2	3	3	P0256	P0097
599	Неверная температура впускного воздуха после охлаждения	105	2	2	3	3	P0257	P0096
600	Сигнал напряжения датчика температуры внутренней части ECU выше максимального предела	1136	3	1	1	9	P0258	P0669
601	Сигнал напряжения датчика температуры внутренней части ECU ниже минимального предела	1136	4	1	1	9	P0259	P0668
602	Активация ограничения электротока клапана воздушной заслонки	51	6	3	6	1	P025A	P0000
603	Напряжение клапана воздушной заслонки в закрытом положении выше максимального предела	51	17	3	6	2	P025B	P0000
604	Напряжение клапана воздушной заслонки в открытом положении выше максимального предела	51	15	3	6	2	P025C	P0000
605	Разница напряжения клпана воздушной заслонки превышает допустимые рамки	51	2	3	6	2	P025D	P0000
606	Ошибка холодного пуска клапана воздушной заслонки	51	12	3	6	3	P025E	P0000
607	Прямое отклонение воздушной заслонки превышает максимальное значение	51	18	3	6	3	P025F	P0000
608	Прямое отклонение воздушной заслонки превышает минимальное значение	51	16	3	6	3	P0260	P0000
609	Засор клапана воздушной заслонки	51	1	3	6	3	P0261	P0000
610	Засор клапана воздушной заслонки	51	0	3	6	3	P0262	P0000
611	Клапан воздушной заслонки в закрытом состоянии в течении длительного времени находится в свободном положении	51	8	3	6	2	P0263	P0000
612	Клапан воздушной заслонки в открытом состоянии в течении длительного времени находится в свободном положении	51	9	3	6	2	P0264	P0000
613	Незамкнутая цепь клапана воздушной заслонки	51	5	3	6	4	P0265	P0000
614	Перегрев клапана воздушной заслонки	51	24	3	6	4	P0266	P0000
615	Высокое напряжение датчика клапана воздушной заслонки	51	20	3	6	5	P0267	P0000
616	Низкое напряжение датчика клапана воздушной заслонки	51	21	3	6	5	P0268	P0000
617	Короткое замыкание источника питания клапана воздушной заслонки	51	3	3	6	4	P0269	P0000
618	Короткое замыкание земли клапана воздушной заслонки	51	4	3	6	4	P026A	P0000
619	Клапан воздушной заслонки в закрытом положении в течение короткого времени находится в свободном состоянии	51	22	3	6	2	P026B	P0000
620	Клапан воздушной заслонки в открытом положении в течение короткого времени находится в свободном состоянии	51	23	3	6	2	P026C	P0000
621	Высокое напряжение датчика клапана воздушной заслонки	51	13	3	6	5	P026D	P0000
622	Низкое напряжение датчика клапана воздушной заслонки	51	14	3	6	5	P026E	P0000
623	Ослабление клапана воздушной заслонки	51	11	3	6	4	P026F	P0000
624	Напряжение датчика температуры верхнего уровня клапана воздушной заслонки выше максимального значения	1636	3	2	3	6	P0270	P0113
625	Напряжение датчика температуры верхнего уровня клапана воздушной заслонки ниже минимального значения	1636	4	2	3	6	P0271	P0112
626	Незамкнутая цепь турбины	1188	5	2	3	7	P0272	P0045
627	Превышение оборотов турбины	103	0	2	3	7	P0273	P0049
628	Перегрев актуатора турбины	1188	6	2	3	7	P0274	P0045
629	Короткое замыкание источника питания турбины	1188	3	2	3	7	P0275	P0048
630	Короткое замыкание земли турбины	1188	4	2	3	7	P0276	P0047
631	Ошибка связи CAN сигнала датчика температуры нижнего уровня катализатора SCR	4363	19	4	4	8	P0277	U0113
632	Напряжение сигнала датчика температуры нижнего уровня катализатора SCR выше масимального предела	4363	3	4	4	8	P0278	P0428
633	Напряжение сигнала датчика температуры нижнего уровня катализатора SCR ниже минимального предела	4363	4	4	4	8	P0279	P0427
634	Ошибка связи CAN сигнала датчика температуры верхнего уровня катализатора SCR	4360	19	4	4	8	P027A	U0113
635	Напряжение сигнала датчика температуры верхнего уровня катализатора SCR выше масимального предела	4360	3	4	4	8	P027B	P042D
636	Напряжение сигнала датчика температуры верхнего уровня катализатора SCR ниже минимального предела	4360	4	4	4	8	P027C	P042C
637	Низкий уровень мочевины	1761	2	4	4	5	P027D	P203F
638	Электроток распылителя форсунки мочевины SCR выше максимального предела	3361	5	4	5	3	P027E	P2049
639	Перегрев распылителя форсунки мочевины SCR	3361	6	4	5	3	P027F	P3009
640	Короткое замыкание источника питания актуатора распылителя форсунки мочевины SCR	3361	15	4	5	3	P0280	P2049
641	Короткое замыкание источника питания актуатора распылителя форсунки мочевины SCR	3361	3	4	5	3	P0281	P2049
642	Короткое замыкание земли актуатора распылителя форсунки мочевины SCR	3361	4	4	5	3	P0282	P2048
643	Короткое замыкание земли актуатора распылителя форсунки мочевины SCR	3361	17	4	5	3	P0283	P2047
644	Ошибка обогрева мочевины	523019	11	4	3	3	P0284	P3025
645	Неверная обратная связь сопротивления провода обогрева трубопровода мочевины (от насоса к баку)	4357	2	4	6	1	P0285	P3069
646	Незамкнутая цепь сопротивления провода обогрева трубопровода мочевины (от насоса к баку)	4357	5	4	6	1	P0286	P3070
647	Короткое замыкание земли сопротивления провода обогрева трубопровода мочевины (от насоса к баку)	4357	6	4	6	1	P0287	P3071
648	Незамкнутая цепь реле обогрева трубопровода мочевины (от насоса к баку)	4346	5	4	6	1	P0288	P3021
649	Перегрев реле обогрева трубопровода мочевины (от насоса к баку)	4346	6	4	6	1	P0289	P3072
650	Короткое замыкание источника питания реле обогрева трубопровода мочевины (от насоса к баку)	4346	3	4	6	1	P028A	P3023
651	Короткое замыкание земли реле обогрева трубопровода мочевины (от насоса к баку)	4346	4	4	6	1	P028B	P3022
652	Неверная обратная связь сопротивления провода обогрева трубопровода мочевины (от насоса с форсунке)	4356	2	4	6	2	P028C	P3073
653	Незамкнутая цепь сопротивления провода обогрева трубопровода мочевины (от насоса к форсунке)	4356	5	4	6	2	P028D	P3074
654	Короткое замыкание земли сопротивления провода обогрева трубопровода мочевины (от насоса к форсунке)	4356	6	4	6	2	P028E	P3075
655	Незамкнутая цепь реле обогрева трубопровода мочевины (от насоса к форсунке)	4344	5	4	6	2	P028F	P3024
656	Перегрев реле обогрева трубопровода мочевины (от насоса к форсунке)	4344	6	4	6	2	P0290	P3076
657	Короткое замыкание иточника питания реле обогрева трубопровода мочевины (от насоса к форсунке)	4344	3	4	6	2	P0291	P3027
658	Короткое замыкание земли реле обогрева трубопровода мочевины (от насоса к форсунке)	4344	4	4	6	2	P0292	P3026
659	Короткое замыкание источника питания главного реле обогрева мочевины	523003	20	4	6	3	P0293	P3077
660	Незамкнутая цепь главного реле обогрева мочевины	523003	5	4	6	3	P0294	P3043
661	Перегрев главного реле обогрева мочевины	523003	6	4	6	3	P0295	P3044
662	Короткое замыкание источника питания главного реле обогрева мочевины	523003	3	4	6	3	P0296	P3045
663	Короткое замыкание земли главного реле обогрева мочевины	523003	4	4	6	3	P0297	P3046
664	Неверная обратная связь сопротивления провода обогрева трубопровода мочевины (от бака к насосу)	4354	2	4	6	4	P0298	P3078
665	Незамкнутая цепь сопротивления провода обогрева трубопровода мочевины (от бака к насосу)	4354	5	4	6	4	P0299	P3079
666	Короткое замыкание земли провода сопротивления обогрева трубопровода мочевины (от бака к насосу)	4354	6	4	6	4	P029A	P3080
667	Незамкнутая цепь реле обогрева трубопровода мочевины (от бака к насосу)	4340	5	4	6	4	P029B	P3028
668	Перегрев реле обогрева трубопровода мочевины (от бака к насосу)	4340	6	4	6	4	P029C	P3081
669	Короткое замыкание источника питания реле обогрева трубопровода мочевины (от бака к насосу)	4340	3	4	6	4	P029D	P3032
670	Короткое замыкание земли реле обогрева трубопровода мочевины (от бака к насосу)	4340	4	4	6	4	P029E	P3031
671	Неверная обратная связь сопротивления провода обогрева насоса мочевины	4342	14	4	6	5	P029F	P3082
672	Незамкнутая цепь провода сопротивления обогрева насоса мочевины	4342	2	4	6	5	P02A0	P3083
673	Короткое замыкание земли провода сопротивления обогрева насоса мочевины	4342	4	4	6	5	P02A1	P3084
674	Незамкнутая цепь реле обогрева насоса мочевины	4355	2	4	6	5	P02A2	P3033
675	Перегрев реле обогрева трубопровода насоса мочевины	4355	6	4	6	5	P02A3	P3085
676	Короткое замыкание источника питания реле обогрева трубопровода насоса мочевины	4355	3	4	6	5	P02A4	P3037
677	Короткое замыкание земли реле обгрева трубопровода насоса мочевины	4355	4	4	6	5	P02A5	P3036
678	Незамкнутая цепь электромагнитного клапана обогрева бака мочевины	3363	5	4	6	6	P02A6	P3016
679	Перегрев электромагнитного клапана обогрева бака мочевины	3363	0	4	6	6	P02A7	P3018
680	Короткое замыкание источника питания электромагнитного клапана обогрева бака мочевины	3363	3	4	6	6	P02A8	P3020
681	Короткое замыкание земли электромагнитного клапана обогрева бака мочевины	3363	4	4	6	6	P02A9	P3019
682	Ошибка отклонения оборотов двигателя насоса мочевины	4375	2	4	5	1	P02AA	P3001
683	Ошибка отклонения оборотов двигателя на продолжительное время двигателя насоса мочевины	4375	14	4	5	1	P02AB	P3086
684	Отказ двигателя насоса мочевины	4375	11	4	5	1	P02AC	P3002
685	Незамкнутая цепь актутатора двигателя насоса мочевины	4375	5	4	5	1	P02AD	P3006
686	Перегрев актуатора двигателя насоса мочевины	4375	6	4	5	1	P02AE	P3003
687	Короткое замыкание источник питания актуатора двигателя насоса мочевины	4375	3	4	5	1	P02AF	P3004
688	Короткое замыкание земли актуатора двигателя насоса мочевины	4375	4	4	5	1	P02B0	P3005
689	Напряжение насоса мочевины выше максимального предела	1387	15	4	5	1	P02B1	P3007
690	Напряжение насоса мочевины ниже минимального предела	1387	17	4	5	1	P02B2	P3007
691	Ошибка связи CAN сигнала напряжения насоса мочевины	1387	19	4	5	1	P02B3	P204E
692	Сигнал напряжения датчика напряжения насоса мочевины выше максимального предела	1387	3	4	5	1	P02B4	P204D
693	Сигнал напряжения датчика напряжения насоса мочевины ниже минимального предела	1387	4	4	5	1	P02B5	P204C
694	Незамкнутая цепь верхнего конца актуатора реверсивного клапана мочевины	4376	20	4	5	2	P02B6	P3047
695	Перегрев верхнего конца актуатора реверсивного клапана мочевины	4376	21	4	5	2	P02B7	P3048
696	Короткое замыкание источника питания верхнего конца актуатора реверсивного клапана мочевины	4376	15	4	5	2	P02B8	P3049
697	Короткое замыкание земли верхнего конца актуатора реверсивного клапана мочевины	4376	17	4	5	2	P02B9	P3050
698	Незамкнутая цепь актуатора реверсивного клапана мочевины	4376	5	4	5	2	P02BA	P3010
699	Перегрев актатора реверсивного клапана мочевины	4376	6	4	5	2	P02BB	P3011
700	Короткое замыкание источника питания актуатора реверсивного клапана мочевины	4376	3	4	5	2	P02BC	P3013
701	Короткое замыкание земли актуатора реверсивного клапана мочевины	4376	4	4	5	2	P02BD	P3012
702	Ошибка информации CAN температуры бака мочевины	3031	19	4	4	6	P02BE	P205A
703	Сигнал напряжения датчика температуры бака мочевины выше максимального предела	3031	3	4	4	6	P02BF	P205D
704	Сигнал напряжения датчика температуры бака мочевины ниже минимального предела	3031	4	4	4	6	P02C0	P205C
705	Сигнал датчика температуры бака мочевины выше максимального предела	3031	0	4	4	6	P02C1	P205B
706	Сигнал датчика температуры бака мочевины ниже минимального предела	3031	1	4	4	6	P02C2	P205B
707	Ошибка связи сигнала скорости CAN	84	19	2	2	4	P02C3	U1405
708	Скорость превышает масимальный предел	84	0	2	2	4	P02C4	P0279
709	Неверный сигнал напряжения датчика скорости	84	14	2	2	4	P02C5	P2162
710	Расхождение скорости автомобиля с оборотами двигателя и крутящим моментом	84	2	2	2	4	P02C6	P0501
711	Сигнал напряжения датчика скорости выше максимального предела	84	3	2	2	4	P02C7	P0503
712	Сигнал напряжения датчика скорости ниже минимального предела	84	4	2	2	4	P02C8	P0502
713	Ширина импульса датчика скорости выше максимального предела	1624	3	2	2	5	P02C9	P2158
714	Ширина импульса датчика скорости ниже минимального предела	1624	4	2	2	5	P02CA	P2160
715	Цикл сигнала датчика датчика скорости ниже минимального предела	1624	8	2	2	5	P02CB	P2161
716	Незамкнутая цепь сигнальной лампы	520281	5	3	3	6	P02CC	P1613
717	Перегрев сигнальной лампы	520281	6	3	3	6	P02CD	P1614
718	Короткое замыкание источника питания сигнальной лампы	520281	3	3	3	6	P02CE	P1615
719	Короткое замыкание земли сигнальной лампы	520281	4	3	3	6	P02CF	P1616
720	Неверный сигнал торможения автомобиля	597	11	0	0	0	P02D0	
721	Неверный сигнал торможения автомобиля	597	7	2	2	3	P02D1	
722	Неверный сигнал торможения автомобиля	597	2	2	2	3	P02D2	
723	DEC1 Ошибка истечения времени ожидания приема информации DEC1 CAN	522062	19	0	0	0	P02D3	
724	DM19DsBAMPacket Ошибка истечения времени ожидания передачи CAN DM19Ds BAM Packet	522059	19	2	2	3	P02D4	
725	DM19Ds Ошибка истечения времени ожидания подачи CAN DM190Ds	522059	11	0	0	0	P02D5	
726	DM19DsPacketPacket Ошибка истечения времени ожидания подачи CAN DM19Ds из Packet в Packet	522059	31	0	0	0	P02D6	
727	DM19UsBAMPacket Ошибка истечения времени ожидания подачи CAN DM19Us BAM в Packet	522060	19	0	0	0	P02D7	
728	DM19Us Ошибка истечения времени ожидания подачи CAN DM19Us	522060	11	0	0	0	P02D8	
729	DM19UsPacketPacket Ошибка истечения времени ожидания подачи CAN DM19Us из Packet в Packet	522060	31	0	0	0	P02D9	
730	EBC1 Ошибка объема информации получаемой CAN EBC1	522013	14	0	0	0	P02DA	
731	ETC1 Ошибка объема информации получаемой CAN ETC1	522022	19	4	2	5	P02DB	
732	ETC2 Ошибка объема информации получаемой CAN ETC2	522023	14	4	2	5	P02DC	
733	ETC7 Ошибка истечение времени ожидания CAN принимаемой ETC7	522063	19	0	0	0	P02DD	
734	Ошибка истечения времени ожидания CAN приема старта вентилятора	977	19	4	2	7	P02DE	
735	CANFIC Ошибка истечения времени ожидания CAN подачи FIC	522026	19	0	0	0	P02DF	
736	CANMFD1 Ошибка истечения времени ожидания CAN подачи MFD1	522064	19	0	0	0	P02E0	
737	BAM ошибка истечения времени ожидания BAM конфигурации ретардера двигателя, полчаемой CAN	522029	19	0	0	0	P02E1	
738	Packet Ошибка истечения времени ожидания Packet конфигурации ретардера двигателя, получаемой CAN	522029	14	0	0	0	P02E2	
739	CCVS Ошибка объема информации CCVS, получаемой CAN	522030	14	0	0	0	P02E3	
740	Ошибка положения Т50, принимаемой CAN	522065	0	0	0	0	P02E4	
741	TCO1 Ошибка объема инфрмации ТСО1, принимаемой CAN	522032	14	0	0	0	P02E5	
742	TimeDate Ошибка уровня информации TimeDate, принимаемой CAN	522034	14	0	0	0	P02E6	
743	Ошибка блокировки запуска двигателя, исходящей от CAN	2900	2	0	0	0	P02E7	
744	TSC1AE Ошибка объема информации TSC1AE, принимаемой CAN	522035	14	4	1	4	P02E8	
745	TSC1ARОшибка объема информации TSC1AR, принимаемой CAN	522036	14	4	1	4	P02E9	
746	TSC1DEОшибка объема информации TSC1DE, принимаемой CAN	522037	14	4	1	5	P02EA	
747	TSC1DR Ошибка объема информации TSC1DR, принимаемой CAN	522038	14	4	1	5	P02EB	
748	TSC1PE Ошибка объема информации TSC1PE, принимаемой CAN	522039	14	4	1	6	P02EC	
749	TSC1TE Ошибка объема информации TSC1TE, принимаемой CAN	522040	14	4	1	7	P02ED	
750	TSC1TR Ошибка объема информации TSC1TR, принимаемой CAN	522041	14	4	1	7	P02EE	
751	TSC1VE Ошибка объема информации TSC1VE, принимаемой CAN	522042	14	4	1	8	P02EF	
752	TSC1VR Ошибка объема информации TSC1VR, принимаемой CAN	522043	14	4	1	8	P02F0	
753	Ошибка блокировки двигателя после остановки, посылаемой CAN	520203	19	3	4	3	P02F1	
754	Ошибка блокировки двигателя после запуска, посылаемой CAN	520203	14	3	4	3	P02F2	
755	короткое замыкание земли конденсатора впрыска 1	520214	14	1	5	1	P02F3	
756	короткое замыкание земли конденсатора впрыска 2	520287	14	1	5	1	P02F4	
757	Ошибка проверки короткого замыкания земли конденсатора впрыска 1	520214	11	4	2	6	P02F5	
758	Ошибка проверки короткого замыкания земли конденсатора впрыска 2	520287	11	4	2	6	P02F6	
759	В режиме Overrun время включение питания форсунки превосходит разрешенный предел (Перегрев защиты форсунки)	1108	15	2	6	1	P02F7	
760	Ошибка открытия клапана PRV （должен открыться, в реальности не открывается)	520265	11	1	3	6	P02F8	
761	ТНВД всегда работает при максимальном уровне топлива	520265	14	1	3	6	P02F9	
